<core:FragmentDefinition xmlns="sap.m" xmlns:l="sap.ui.layout" xmlns:f="sap.ui.layout.form" xmlns:core="sap.ui.core" id="hlFlex1">
	<Dialog title="Create Business Partner" class="sapUiPopupWithPadding" draggable="true" contentHeight="300px" contentWidth="600px">
		<VBox class="sapUiSmallMargin" width="500px" height="200px">
			
			<TextArea id="iText" width="500px" height="200px"></TextArea>
		</VBox>
		<beginButton>
			<Button press="onUploadText" text="Upload File" id="UploadText" activeIcon="sap-icon://accept" icon="sap-icon://accept" type="Accept"/>
		</beginButton>
		<endButton>
			<Button press="onClose" id="CancelPartner" activeIcon="sap-icon://sys-cancel" iconDensityAware="false" icon="sap-icon://sys-cancel"
				type="Reject"/>
		</endButton>
	</Dialog>
</core:FragmentDefinition>