<edmx:Edmx
    xmlns:edmx="http://schemas.microsoft.com/ado/2007/06/edmx"
    xmlns:m="http://schemas.microsoft.com/ado/2007/08/dataservices/metadata"
    xmlns:sap="http://www.sap.com/Protocols/SAPData" Version="1.0">
    <edmx:DataServices m:DataServiceVersion="2.0">
        <Schema
            xmlns="http://schemas.microsoft.com/ado/2008/09/edm" Namespace="ZPACK_ITEM_SRV" xml:lang="en" sap:schema-version="1">
            <EntityType Name="Stack_HU_Head" sap:content-version="1">
                <Key>
                    <PropertyRef Name="Bukrs"/>
                    <PropertyRef Name="Werks"/>
                    <PropertyRef Name="Batch"/>
                </Key>
                <Property Name="Bukrs" Type="Edm.String" Nullable="false" MaxLength="4" sap:unicode="false" sap:label="Company Code" sap:creatable="false" sap:updatable="false" sap:sortable="false" sap:filterable="false"/>
                <Property Name="Werks" Type="Edm.String" Nullable="false" MaxLength="4" sap:unicode="false" sap:label="Plant" sap:creatable="false" sap:updatable="false" sap:sortable="false" sap:filterable="false"/>
                <Property Name="Batch" Type="Edm.String" Nullable="false" MaxLength="10" sap:unicode="false" sap:label="Batch Number" sap:creatable="false" sap:updatable="false" sap:sortable="false" sap:filterable="false"/>
            </EntityType>
            <EntityType Name="Stack_HU_Pack_Mat" sap:content-version="1">
                <Key>
                    <PropertyRef Name="Bukrs"/>
                    <PropertyRef Name="Werks"/>
                    <PropertyRef Name="Batch"/>
                    <PropertyRef Name="Matnr"/>
                </Key>
                <Property Name="Bukrs" Type="Edm.String" Nullable="false" MaxLength="4" sap:unicode="false" sap:label="Company Code" sap:creatable="false" sap:updatable="false" sap:sortable="false" sap:filterable="false"/>
                <Property Name="Werks" Type="Edm.String" Nullable="false" MaxLength="4" sap:unicode="false" sap:label="Plant" sap:creatable="false" sap:updatable="false" sap:sortable="false" sap:filterable="false"/>
                <Property Name="Batch" Type="Edm.String" Nullable="false" MaxLength="10" sap:unicode="false" sap:label="Batch Number" sap:creatable="false" sap:updatable="false" sap:sortable="false" sap:filterable="false"/>
                <Property Name="Matnr" Type="Edm.String" Nullable="false" MaxLength="40" sap:unicode="false" sap:label="Material" sap:creatable="false" sap:updatable="false" sap:sortable="false" sap:filterable="false"/>
                <Property Name="Qty" Type="Edm.Decimal" Nullable="false" Precision="13" Scale="3" sap:unicode="false" sap:label="Target Quantity" sap:creatable="false" sap:updatable="false" sap:sortable="false" sap:filterable="false"/>
                <Property Name="Uom" Type="Edm.String" Nullable="false" MaxLength="3" sap:unicode="false" sap:label="Target Quantity UOM" sap:creatable="false" sap:updatable="false" sap:sortable="false" sap:filterable="false" sap:semantics="unit-of-measure"/>
            </EntityType>
            <EntityContainer Name="ZPACK_ITEM_SRV_Entities" m:IsDefaultEntityContainer="true" sap:supported-formats="atom json xlsx">
                <EntitySet Name="Stack_HU_HeadSet" EntityType="ZPACK_ITEM_SRV.Stack_HU_Head" sap:creatable="false" sap:updatable="false" sap:deletable="false" sap:pageable="false" sap:content-version="1"/>
                <EntitySet Name="Stack_HU_Pack_MatSet" EntityType="ZPACK_ITEM_SRV.Stack_HU_Pack_Mat" sap:creatable="false" sap:updatable="false" sap:deletable="false" sap:pageable="false" sap:content-version="1"/>
            </EntityContainer>
            <atom:link
                xmlns:atom="http://www.w3.org/2005/Atom" rel="self" href="./sap/ZPACK_ITEM_SRV/$metadata"/>
                <atom:link
                    xmlns:atom="http://www.w3.org/2005/Atom" rel="latest-version" href="./sap/ZPACK_ITEM_SRV/$metadata"/>
                </Schema>
            </edmx:DataServices>
        </edmx:Edmx>