{
    "Sheet1": [
        {
            "Material": "MAT1",
            "Batch": "Batch1",
            "Quantity": "11",
            "Unit": "KG"
        },
        {
            "Material": "MAT2",
            "Batch": "Batch2",
            "Quantity": "12",
            "Unit": "KG"
        },
        {
            "Material": "MAT3",
            "Batch": "Batch3",
            "Quantity": "13",
            "Unit": "KG"
        },
        {
            "Material": "MAT4",
            "Batch": "Batch4",
            "Quantity": "14",
            "Unit": "KG"
        },
        {
            "Material": "MAT5",
            "Batch": "Batch5",
            "Quantity": "15",
            "Unit": "KG"
        },
        {
            "Material": "MAT6",
            "Batch": "Batch6",
            "Quantity": "16",
            "Unit": "KG"
        },
        {
            "Material": "MAT7",
            "Batch": "Batch7",
            "Quantity": "17",
            "Unit": "KG"
        },
        {
            "Material": "MAT8",
            "Batch": "Batch8",
            "Quantity": "18",
            "Unit": "KG"
        },
        {
            "Material": "MAT9",
            "Batch": "Batch9",
            "Quantity": "19",
            "Unit": "KG"
        },
        {
            "Material": "MAT10",
            "Batch": "Batch10",
            "Quantity": "20",
            "Unit": "KG"
        },
        {
            "Material": "MAT11",
            "Batch": "Batch11",
            "Quantity": "21",
            "Unit": "KG"
        }
    ]
}